{"cameraMode":{"drawMode":0,"name":"Shaded","section":"Shading Mode"},"sceneLighting":true,"audioPlay":false,"sceneViewState":{"showFog":true,"showMaterialUpdate":false,"showSkybox":true,"showFlares":true,"showImageEffects":true,"showParticleSystems":true},"in2DMode":false,"pivot":{"x":-2.2386398315429689,"y":1.8778114318847657,"z":10.743406295776368},"rotation":{"x":-0.10770612210035324,"y":0.7007246017456055,"z":-0.10826433449983597,"w":-0.6969414949417114},"size":37.24875259399414,"orthographic":false}